{"cameraMode":{"drawMode":0,"name":"Shaded","section":"Shading Mode"},"sceneLighting":false,"audioPlay":false,"sceneViewState":{"showFog":true,"showMaterialUpdate":false,"showSkybox":false,"showFlares":true,"showImageEffects":true,"showParticleSystems":true},"in2DMode":false,"pivot":{"x":-0.019999995827674867,"y":0.800000011920929,"z":-0.030000001192092897},"rotation":{"x":0.2811512351036072,"y":0.006619644816964865,"z":-0.0019394680857658387,"w":0.9596403241157532},"size":0.25024282932281496,"orthographic":false}